Player,Club,Nationality,Position,Appearances,Minutes_Played,Goals_Scored,Yellow_cards,Red_Cards,Clean_Sheets
Joe Hart,Manchester City,England,Goalkeeper,38,3420,0,0,0,17
Gunnar Nelsen,Manchester City,Faroe Islands,Goalkeeper,0,0,0,0,0,0
Costel Pantilimon,Manchester City,Romania,Goalkeeper,0,0,0,0,0,0
Stuart Taylor,Manchester City,England,Goalkeeper,0,0,0,0,0,0
Gael Clichy,Manchester City,France,Defender,28,2487,0,1,1,12
Alexandar Kolarov,Manchester City,Serbia,Defender,12,822,2,1,0,4
Vicent Kompany ,Manchester City,Belgium,Defender,31,2774,3,5,1,15
Joleon Lescott,Manchester City,England,Defender,31,2686,2,1,0,14
Karim Rekik,Manchester City,Netherlands,Defender,0,0,0,0,0,0
Micah Richards,Manchester City,England,Defender,29,2041,1,2,0,7
Stefan Savic,Manchester City,Montenegro,Defender,11,847,1,1,0,2
Kolo Toure,Manchester City,Ivory Coast,Defender,14,1547,0,0,0,3
Pablo Zabaleta,Manchester City,Argentina,Defender,21,1547,1,5,0,9
Gareth Barry,Manchester City,England,Midfielder,34,2735,1,8,1,-1
David Silva,Manchester City,Spain,Midfielder,36,2819,6,0,0,-1
Nigel de Long,Manchester City,Netherlands,Midfielder,21,1070,0,5,0,-1
Denis Suarez,Manchester City,Spain,Midfielder,0,0,0,0,0,-1
Omar Elabdellaoui,Manchester City,Norway,Midfielder,0,0,0,0,0,-1
Owen Hargreaves,Manchester City,England,Midfielder,1,13,0,0,0,-1
Abdisalam Ibrahim,Manchester City,Norway,Midfielder,0,0,0,0,0,-1
Adam Johnson,Manchester City,England,Midfielder,26,1135,6,1,0,-1
James Milner,Manchester City,England,Midfielder,26,1582,3,3,0,-1
Samir Nasri,Manchester City,France,Midfielder,30,2173,2,2,0,-1
David Pizarro,Manchester City,Chile,Midfielder,5,163,0,0,0,-1
Yaya Toure,Manchester City,Ivory Coast,Midfielder,32,2649,6,8,0,-1
Emmanuel Adebayor,Manchester City,Togo,Forward,0,0,0,0,0,-1
Kun Aguero,Manchester City,Argentina,Forward,34,2595,23,2,0,-1
Mario Balotelli,Manchester City,Italy,Forward,23,1327,13,4,2,-1
Edin Dzeko,Manchester City,Bosnia-Herzegovina,Forward,30,1500,14,1,0,-1
Joan Roman,Manchester City,Spain,Forward,0,0,0,0,0,-1
Luca Scapuzzi,Manchester City,Italy,Forward,0,0,0,0,0,-1
Carloz Tevez,Manchester City,Argentina,Forward,13,601,4,1,0,-1
Ben Amos,Manchester United,England,Goalkeeper,1,90,0,0,0,1
De Gea,Manchester United,Spain,Goalkeeper,29,2610,0,0,0,13
Sam Johnstone,Manchester United,England,Goalkeeper,0,0,0,0,0,0
Anders Lindegaard,Manchester United,Denmark,Goalkeeper,8,720,0,0,0,0
Jonny Evans,Manchester United,Northern Ireland,Defender,29,2426,1,6,1,13
Patrice Evra,Manchester United,France,Defender,37,3239,0,6,0,18
Fabio,Manchester United,Brazil,Defender,5,246,0,1,0,0
Rio Ferdinand,Manchester United,England,Defender,30,2565,0,4,0,12
Ezekiel Fryers,Manchester United,England,Defender,2,67,0,0,0,0
Phil Jones,Manchester United,England,Defender,29,2127,1,6,0,11
Rafael,Manchester United,Brazil,Defender,12,913,0,2,0,5
Chris Smalling,Manchester United,England,Defender,19,1293,1,1,0,6
Nemanja Vidic,Manchester United,Serbia,Defender,6,502,0,0,0,4
Anderson,Manchester United,Brazil,Defender,10,690,2,2,0,2
Michael Carrick,Manchester United,England,Midfielder,30,2516,2,4,0,-1
Tom Cleverly,Manchester United,England,Midfielder,10,432,0,0,0,-1
Darren Fletcher,Manchester United,Scotland,Midfielder,8,644,1,1,0,-1
Ryan Giggs,Manchester United,Wales,Midfielder,25,1470,2,2,0,-1
Jesse Lingard,Manchester United,England,Midfielder,0,0,0,0,0,-1
Ji-Sung Park,Manchester United,South Korea,Midfielder,17,928,2,0,0,-1
Paul Pogba,Manchester United,France,Midfielder,3,66,0,0,0,-1
Paul  Scholes,Manchester United,England,Midfielder,17,1168,4,3,0,-1
Antonio Valencia,Manchester United,Ecuador,Midfielder,27,2119,4,3,0,-1
Ashley Young,Manchester United,England,Midfielder,25,1570,6,3,0,-1
Dimitar Berbatov,Manchester United,Bulgaria,Forward,12,515,7,0,0,-1
Javier Hernandez,Manchester United,Mexico,Forward,28,1480,10,0,0,-1
William Keane,Manchester United,England,Forward,1,5,0,0,0,-1
Nani,Manchester United,Portugal,Forward,29,2108,8,2,0,-1
Michael Owen,Manchester United,England,Forward,1,79,0,0,0,-1
Wayne Rooney,Manchester United,England,Forward,34,2837,27,1,0,-1
Danny Welbeck,Manchester United,England,Forward,30,2017,9,3,0,-1
Lukasz Fabianski,Arsenal,Poland,Goalkeeper,0,0,0,0,0,0
Manuel Almunia,Arsenal,Spain,Goalkeeper,0,0,0,0,0,0
James Shea,Arsenal,England,Goalkeeper,0,0,0,0,0,0
Wojciech Szczesny,Arsenal,Poland,Goalkeeper,38,3420,0,2,0,13
Andre Santos,Arsenal,Brazil,Defender,15,1012,2,2,0,3
Martin Angha,Arsenal,Switzerland,Defender,0,0,0,0,0,0
Johan Djourou,Arsenal,Switzerland,Defender,18,1164,0,3,1,4
Kieran Gibbs,Arsenal,England,Defender,16,1253,1,1,0,5
Ignasi Miquel,Arsenal,Spain,Defender,4,215,0,0,0,0
Carl Jenkinson,Arsenal,England,Defender,9,494,0,0,1,1
Laurent Koscielny,Arsenal,France,Defender,33,2873,2,8,0,11
Per Mertesacker,Arsenal,Germany,Defender,21,1830,0,2,0,6
Bacary Sagna,Arsenal,France,Defender,21,1701,1,2,0,8
Sebastien Squillaci,Arsenal,France,Defender,1,9,0,0,0,0
Thomas Vermaelen,Arsenal,Belgium,Defender,29,2479,6,8,0,9
Yossi Benayoun,Arsenal,Israel,Midfielder,19,904,4,1,0,-1
Francis Coquelin,Arsenal,France,Midfielder,10,631,0,2,0,-1
Abou Diaby,Arsenal,France,Midfielder,4,91,0,1,0,-1
Henri Lansbury,Arsenal,England,Midfielder,1,26,0,1,0,-1
Mikel Arteta,Arsenal,Spain,Midfielder,29,2475,6,4,0,-1
Oguzhan Ozyakup,Arsenal,Turkey,Midfielder,0,0,0,0,0,-1
Aaron Ramsey,Arsenal,Wales,Midfielder,34,2470,2,3,0,-1
Tomas Rosicky,Arsenal,Czech Republic,Midfielder,28,1759,1,4,0,-1
Alex Song,Arsenal,Cameroon,Midfielder,34,2998,1,10,0,-1
Jack Wilshere,Arsenal,England,Midfielder,0,0,0,0,0,-1
Maroune Chamakh,Arsenal,Morocco,Forward,11,172,1,0,0,-1
Gervinho,Arsenal,Ivory Coast,Forward,28,1681,4,0,1,-1
Alex Oxlade-Chamberlain,Arsenal,England,Forward,16,558,2,0,0,-1
Chu-young Park,Arsenal,South Korea,Forward,1,6,0,0,0,-1
Robin van Persie,Arsenal,Netherlands,Forward,38,3332,30,8,0,-1
Theo Walcott,Arsenal,England,Forward,35,2743,8,1,0,-1
Shay Given,Aston Villa,Ireland,Goalkeeper,32,2828,0,1,0,8
Brad Guzan,Aston Villa,USA,Goalkeeper,7,592,0,0,0,1
Andy Marshall,Aston Villa,England,Goalkeeper,0,0,0,0,0,0
Nathan Baker,Aston Villa,England,Defender,8,549,0,0,0,1
Ciaran Clark,Aston Villa,Ireland,Defender,15,1148,1,3,0,1
James Collins,Aston Villa,Wales,Defender,32,2780,1,7,0,7
Cuellar,Aston Villa,Spain,Defender,18,1494,0,2,0,5
Richard Dunne,Aston Villa,Ireland,Defender,28,2520,1,7,0,6
Alan Hutton,Aston Villa,Scotland,Defender,31,2594,0,5,1,5
Eric Lichaj,Aston Villa,USA,Defender,10,822,1,3,0,2
Enda Stevens,Aston Villa,Ireland,Defender,0,0,0,0,0,0
Stephen Warnock,Aston Villa,England,Defender,35,3055,2,6,0,8
Derrick Williams,Aston Villa,Ireland,Defender,0,0,0,0,0,0
Marc Albrighton,Aston Villa,England,Midfielder,26,1491,2,3,0,-1
Barry Bannan,Aston Villa,Scotland,Midfielder,28,1246,1,2,0,-1
Samir Carruthers,Aston Villa,Ireland,Midfielder,3,19,0,1,0,-1
Fabian Delph,Aston Villa,England,Midfielder,11,854,0,3,0,-1
Gary Gardner,Aston Villa,England,Midfielder,14,604,0,1,0,-1
Jack Grealish,Aston Villa,England,Midfielder,0,0,0,0,0,-1
Chris Herd,Aston Villa,Australia,Midfielder,19,1476,1,2,1,-1
Stephen Ireland,Aston Villa,Ireland,Midfielder,24,1590,1,2,0,-1
Jermaine Jenas,Aston Villa,England,Midfielder,3,107,0,0,0,-1
Daniel Johnson,Aston Villa,England,Midfielder,0,0,0,0,0,-1
Charles N'Zogbia,Aston Villa,France,Midfielder,30,2080,2,4,0,-1
Stilian Petrov,Aston Villa,Bulgaria,Midfielder,27,2328,4,7,0,-1
Gabriel Agbonlahor,Aston Villa,England,Forward,33,2765,5,6,0,-1
Darren Bent,Aston Villa,England,Forward,22,1861,9,1,0,-1
Graham Burke,Aston Villa,Ireland,Forward,0,0,0,0,0,-1
Nathan Delfouneso,Aston Villa,England,Forward,6,163,0,0,0,-1
Emile Heskey,Aston Villa,England,Forward,28,1462,1,3,0,-1
Andreas Weimann,Aston Villa,Austria,Forward,14,532,2,0,0,-1
Mark Bunn,Blackburn Rovers,England,Goalkeeper,3,270,0,0,0,0
Jake Kean,Blackburn Rovers,England,Goalkeeper,1,90,0,0,0,0
Paul Robinson,Blackburn Rovers,England,Goalkeeper,34,3060,0,0,0,3
Sebastian Usai,Blackburn Rovers,Australia,Goalkeeper,0,0,0,0,0,0
Myles Anderson,Blackburn Rovers,England,Defender,0,0,0,0,0,0
Bruno Ribeiro,Blackburn Rovers,Brazil,Defender,0,0,0,0,0,0
Scott Dann,Blackburn Rovers,England,Defender,27,2403,1,2,0,3
Gael Givet,Blackburn Rovers,France,Defender,22,1749,0,2,1,1
Grant Hanley,Blackburn Rovers,Scotland,Defender,23,1824,1,6,0,2
Adam Henley,Blackburn Rovers,Wales,Defender,7,470,0,0,0,0
Michel Salgado,Blackburn Rovers,Spain,Defender,9,655,0,4,0,0
Martin Olsson,Blackburn Rovers,Sweden,Defender,27,2180,0,3,1,2
Bradley Orr,Blackburn Rovers,England,Defender,12,955,0,2,0,1
Nick Blackman,Blackburn Rovers,England,Midfielder,1,6,0,0,0,-1
David Dunn,Blackburn Rovers,England,Midfielder,26,1609,2,3,0,-1
Mauro Formica,Blackburn Rovers,Argentina,Midfielder,34,2169,4,3,0,-1
Herold Goulon,Blackburn Rovers,France,Midfielder,0,0,0,0,0,-1
Vince Grella,Blackburn Rovers,Australia,Midfielder,1,11,0,0,0,-1
Junior Hoilett,Blackburn Rovers,Canada,Midfielder,34,2954,7,5,0,-1
Amine Liganzi,Blackburn Rovers,Algeria,Midfielder,0,0,0,0,0,-1
Jason Lowe,Blackburn Rovers,England,Midfielder,32,2670,0,10,0,-1
Josh Morris,Blackburn Rovers,England,Midfielder,2,79,0,0,0,-1
Steven N'Zonzi,Blackburn Rovers,France,Midfielder,32,2810,2,7,0,-1
Marcus Olsson,Blackburn Rovers,Sweden,Midfielder,12,990,0,0,0,-1
Morten Gamst Pedersen,Blackburn Rovers,Norway,Midfielder,33,2836,3,6,0,-1
Radosav Petrovic,Blackburn Rovers,Sweden,Midfielder,19,982,0,4,0,-1
Simon Vukcevic,Blackburn Rovers,Montenegro,Midfielder,7,377,1,0,0,-1
Yakubu Ayegbeni,Blackburn Rovers,Nigeria,Forward,30,2452,17,1,1,-1
David Goodwillie,Blackburn Rovers,Scotland,Forward,20,596,2,0,0,-1
Jamie Maclaren,Blackburn Rovers,Australia,Forward,0,0,0,0,0,-1
Anthony Modeste,Blackburn Rovers,France,Forward,9,386,0,1,1,-1
Tim Payne,Blackburn Rovers,New Zealand,Forward,0,0,0,0,0,-1
Ruben Rochina,Blackburn Rovers,Spain,Forward,18,818,2,2,0,-1
Jordan Slew,Blackburn Rovers,England,Forward,1,1,0,0,0,-1
Adam Bogdan,Bolton Wanderers,Hungary,Goalkeeper,20,1800,0,0,0,1
Jussi Jaaskelainen,Bolton Wanderers,Finland,Goalkeeper,18,1620,0,1,0,2
Rob Lainton,Bolton Wanderers,England,Goalkeeper,0,0,0,0,0,0
Jay Lynch,Bolton Wanderers,England,Goalkeeper,0,0,0,0,0,0
Rhys Bennett,Bolton Wanderers,England,Defender,0,0,0,0,0,0
Dedryck Boyata,Bolton Wanderers,Belgium,Defender,14,1123,1,3,0,0
Zat Knight,Bolton Wanderers,England,Defender,25,1978,0,1,0,2
Marcos Alonso,Bolton Wanderers,Spain,Defender,5,332,1,0,0,0
Tyrone Mears,Bolton Wanderers,Jamaica,Defender,1,90,0,0,0,0
Tim Ream,Bolton Wanderers,USA,Defender,13,1170,0,1,0,0
Sam Ricketts,Bolton Wanderers,Wales,Defender,20,1800,1,3,0,1
Joe Riley,Bolton Wanderers,England,Defender,3,201,0,0,0,0
Paul Robinson,Bolton Wanderers,England,Defender,17,1420,0,4,0,2
Gretar Steinsson,Bolton Wanderers,Iceland,Defender,23,1882,1,6,0,2
David Wheater,Bolton Wanderers,England,Defender,24,2010,2,1,2,2
Adam Blakeman,Bolton Wanderers,England,Midfielder,0,0,0,0,0,-1
Mark Davies,Bolton Wanderers,England,Midfielder,35,2748,4,4,0,-1
Sean Davis,Bolton Wanderers,England,Midfielder,0,0,0,0,0,-1
Chris Eagles,Bolton Wanderers,England,Midfielder,34,2299,4,1,0,-1
Ricardo Gardner,Bolton Wanderers,Jamaica,Midfielder,4,162,0,0,1,-1
Stuart Holden,Bolton Wanderers,USA,Midfielder,0,0,0,0,0,-1
Chung-yong Lee,Bolton Wanderers,South Korea,Midfielder,2,17,0,0,0,-1
Fabrice Muamba,Bolton Wanderers,England,Midfielder,20,1329,1,2,0,-1
Martin Petrov,Bolton Wanderers,Bulgaria,Midfielder,31,2574,4,1,0,-1
Darren Pratley,Bolton Wanderers,England,Midfielder,24,1273,1,4,0,-1
Nigel Reo-Coker,Bolton Wanderers,England,Midfielder,37,3265,4,7,0,-1
Joshua Vela,Bolton Wanderers,England,Midfielder,3,37,0,1,0,-1
Gregg Wylde,Bolton Wanderers,Scotland,Midfielder,0,0,0,0,0,-1
Robert Blake,Bolton Wanderers,England,Forward,1,4,0,0,0,-1
Kevin Davies,Bolton Wanderers,England,Forward,31,1868,6,3,0,-1
Tom Eaves,Bolton Wanderers,England,Forward,0,0,0,0,0,-1
Ivan Klasnic,Bolton Wanderers,Croatia,Forward,29,1497,8,3,1,-1
Ryo Miyaichi,Bolton Wanderers,Japan,Forward,12,682,0,0,0,-1
David N'Gog,Bolton Wanderers,France,Forward,33,2045,3,2,0,-1
Tuncay Sanli,Bolton Wanderers,Turkey,Forward,16,383,0,0,0,-1
Marvin Sordell,Bolton Wanderers,England,Forward,3,40,0,0,0,-1
Jamal Blackman,Chelsea,England,Goalkeeper,0,0,0,0,0,0
Petr Cech,Chelsea,Czech Republic,Goalkeeper,34,3060,0,0,0,10
Hilario,Chelsea,Portugal,Goalkeeper,2,180,0,0,0,0
Ross Turnball,Chelsea,England,Goalkeeper,2,180,0,0,0,0
Ryan Bertrand,Chelsea,England,Defender,7,540,0,1,0,0
Bosingwa,Chelsea,Portugal,Defender,27,2117,1,5,1,4
Gary Cahill,Chelsea,England,Defender,10,855,1,2,0,4
Ashley Cole,Chelsea,England,Defender,32,2786,0,7,1,9
David Luiz,Chelsea,Brazil,Defender,20,1649,2,5,0,5
Sam Hutchinson,Chelsea,England,Defender,2,78,0,0,0,0
Branislav Ivanovic,Chelsea,Serbia,Defender,29,2263,3,6,0,3
Paulo Ferreira,Chelsea,Portugal,Defender,6,367,0,1,0,0
John Terry,Chelsea,England,Defender,31,2790,6,8,0,9
Nathaniel Chalobah,Chelsea,England,Midfielder,0,0,0,0,0,-1
Michael Essien,Chelsea,Ghana,Midfielder,14,918,0,3,0,-1
Frank Lampard,Chelsea,England,Midfielder,30,2251,11,5,0,-1
Lucas Piazon,Chelsea,Brazil,Midfielder,0,0,0,0,0,-1
Florent Malouda,Chelsea,French Guyana,Midfielder,26,1157,2,3,0,-1
Mata,Chelsea,Spain,Midfielder,34,2524,6,2,0,-1
John Mikel,Chelsea,Nigeria,Midfielder,22,1323,0,4,0,-1
Oriol Romeu,Chelsea,Spain,Midfielder,16,953,0,2,0,-1
Ramires,Chelsea,Brazil,Midfielder,30,2477,5,4,0,-1
Raul Meireles,Chelsea,Spain,Midfielder,28,1933,2,8,0,-1
Didier Drogba,Chelsea,Ivory Coast,Forward,24,1478,5,1,1,-1
Fernando Torres,Chelsea,Spain,Forward,32,1906,6,4,1,-1
Solomon Kalou,Chelsea,Ivory Coast,Forward,12,574,1,0,0,-1
Romelu Lukaku,Chelsea,Belgium,Forward,8,157,0,0,0,-1
Daniel Sturridge,Chelsea,England,Forward,30,2268,11,3,0,-1
Marcus Hahnemann,Everton,USA,Goalkeeper,0,0,0,0,0,0
Tim Howard,Everton,USA,Goalkeeper,38,3420,1,1,0,12
Jan Mucha,Everton,Slovakia,Goalkeeper,0,0,0,0,0,0
Leighton Baines,Everton,England,Defender,33,2970,4,7,0,9
Seamus Coleman,Everton,Ireland,Defender,18,1130,0,2,0,1
Sylvain Distin,Everton,France,Defender,27,2217,0,4,0,7
Shane Duffy,Everton,Ireland,Defender,4,211,0,0,0,0
John Heitinga,Everton,Netherlands,Defender,30,2541,1,4,0,10
Tony Hibbert,Everton,England,Defender,32,2753,0,1,0,9
Phil Jagielka,Everton,England,Defender,30,2570,2,2,0,9
Phil Neville,Everton,England,Defender,27,2067,0,3,0,-1
Ross Barkley,Everton,England,Midfielder,6,215,0,0,0,-1
Tim Cahill,Everton,Australia,Midfielder,35,2350,2,5,1,-1
Royston Drenthe,Everton,Netherlands,Midfielder,21,1035,3,5,0,-1
Marouane Fellaini,Everton,Belgium,Midfielder,34,2854,3,6,0,-1
Adam Forshaw,Everton,England,Midfielder,0,0,0,0,0,-1
Darron Gibson,Everton,Ireland,Midfielder,11,930,1,3,0,-1
Leon Osman,Everton,England,Midfielder,30,2377,4,3,0,-1
Steven Pienaar,Everton,South Africa,Midfielder,14,1239,2,6,0,-1
Jack Rodwell,Everton,England,Midfielder,14,926,2,2,1,-1
Victor Anichebe,Everton,Nigeria,Forward,12,444,5,1,0,-1
Jose Baxter,Everton,England,Forward,1,12,0,0,0,-1
Magaye Gueye,Everton,Senegal,Forward,17,529,1,0,0,-1
Nikica Jelavic,Everton,Croatia,Forward,13,955,9,1,0,-1
Joao Silva,Everton,Portugal,Forward,0,0,0,0,0,-1
James McFadden,Everton,Scotland,Forward,7,166,0,0,0,-1
Denis Stracqualursi,Everton,Argentina,Forward,21,736,1,1,0,-1
Apostolos Vellios,Everton,Greece,Forward,13,251,3,1,0,-1
Doni,Liverpool,Brazil,Goalkeeper,4,295,0,0,0,0
Peter Gulacsi,Liverpool,Hungary,Goalkeeper,0,0,0,0,0,0
Brad Jones,Liverpool,Australia,Goalkeeper,1,64,0,1,0,0
Pepe Reina,Liverpool,Spain,Goalkeeper,34,3052,0,0,1,12
Daniel Agger,Liverpool,Denmark,Defender,27,2140,1,6,0,8
Jamie Carragher,Liverpool,England,Defender,21,1725,0,1,0,5
Sebastian Coates,Liverpool,Uruguay,Defender,7,484,1,1,0,1
Stephen Darby,Liverpool,England,Defender,0,0,0,0,0,0
Jon Flanagan,Liverpool,England,Defender,5,386,0,2,0,0
Glen Johnson ,Liverpool,England,Defender,23,1952,1,2,0,9
Jose Enrique,Liverpool,Spain,Defender,35,2992,0,2,0,11
Martin Kelly,Liverpool,England,Defender,12,964,0,1,0,4
Emmanuel Mendy,Liverpool,Guinea-Bissau,Defender,0,0,0,0,0,0
Jack Robinson,Liverpool,England,Defender,0,0,0,0,0,0
Martin Skrtel,Liverpool,Slovakia,Defender,34,2994,2,2,1,10
Andre Wisdom,Liverpool,England,Defender,0,0,0,0,0,0
Charlie Adam,Liverpool,Scotland,Midfielder,28,2176,2,4,1,-1
Stewart Downing,Liverpool,England,Midfielder,36,2475,0,1,0,-1
Steven Gerrard,Liverpool,England,Midfielder,18,1213,5,0,0,-1
Jordan Henderson,Liverpool,England,Midfielder,37,2662,2,3,0,-1
Lucas Leiva,Liverpool,Brazil,Midfielder,12,1045,0,5,0,-1
Maxi Rodriguez,Liverpool,Argentina,Midfielder,12,799,4,1,0,-1
Jonjo Shelvey,Liverpool,England,Midfielder,13,728,1,2,0,-1
Jay Spearing,Liverpool,England,Midfielder,16,1302,0,0,1,-1
Craig Bellamy,Liverpool,Wales,Forward,27,1242,6,6,0,-1
Andy Carroll,Liverpool,England,Forward,35,2064,4,5,0,-1
Nathan Eccleston,Liverpool,England,Forward,0,0,0,0,0,-1
Dirk Kuyt,Liverpool,Netherlands,Forward,34,2005,2,3,0,-1
Raheem Sterling,Liverpool,England,Forward,3,27,0,0,0,-1
Luis Suarez,Liverpool,Uruguay,Forward,31,2554,11,5,0,-1
Neil Etheridge,Fulham,Philippines,Goalkeeper,0,0,0,0,0,0
Mark Schwarzer,Fulham,Australia,Goalkeeper,30,2700,0,1,0,10
Csaba Somogyi,Fulham,Hungary,Goalkeeper,0,0,0,0,0,0
David Stockdale,Fulham,England,Goalkeeper,8,720,0,0,0,1
Mathew Briggs,Fulham,Guyana,Defender,2,90,0,0,0,0
Zdenek Grygera,Fulham,Czech Republic,Defender,5,405,0,2,0,3
Rafik Halliche,Fulham,Algeria,Defender,0,0,0,0,0,0
Brede Hangeland,Fulham,Norway,Defender,38,3420,0,7,0,11
Aaron Hughes,Fulham,Northern Ireland,Defender,19,1550,0,0,0,6
Stephen Kelly,Fulham,Ireland,Defender,24,2021,0,0,0,4
John Arne Riise,Fulham,Norway,Defender,36,3140,0,2,0,10
Philippe Senderos,Fulham,Switzerland,Defender,21,1829,1,5,0,5
Alex Smith,Fulham,England,Defender,0,0,0,0,0,0
Chris Baird,Fulham,Northern Ireland,Midfielder,19,1267,0,6,0,-1
Simon Davies,Fulham,Wales,Midfielder,6,300,0,0,0,-1
Mousa Dembele,Fulham,Belgium,Midfielder,36,2939,2,6,0,-1
Mahamadou Diarra,Fulham,Mali,Midfielder,11,752,1,1,0,-1
Tom Donegan,Fulham,England,Midfielder,0,0,0,0,0,-1
Damien Duff,Fulham,Ireland,Midfielder,28,2115,2,2,0,-1
Dickson Etufu,Fulham,Nigeria,Midfielder,22,898,0,4,0,-1
Kerim Frei,Fulham,Turkey,Midfielder,16,672,0,1,0,-1
Marcel Gecov,Fulham,Czech Republic,Midfielder,2,5,0,0,0,-1
Alexander Kacaniklic,Fulham,Sweden,Midfielder,4,203,0,0,0,-1
Pajtim Kasami,Fulham,Switzerland,Midfielder,7,266,0,0,0,-1
Danny Murphy,Fulham,England,Midfielder,36,2745,3,7,0,-1
Bjorn Helge Riise,Fulham,Norway,Midfielder,0,0,0,0,0,-1
Steven Sidwell,Fulham,England,Midfielder,14,1082,1,4,0,-1
Clint Dempsey,Fulham,USA,Forward,37,3325,17,2,0,-1
Andy Johnson,Fulham,England,Forward,20,1244,3,1,0,-1
Orlando Sa,Fulham,Portugal,Forward,7,281,1,0,0,-1
Pavel Pogrebnyak,Fulham,Russia,Forward,12,950,6,1,0,-1
Bryan Ruiz,Fulham,Costa Rica,Forward,27,1512,2,0,0,-1
Rob Elliot,Newcastle United,England,Goalkeeper,0,0,0,0,0,0
Steve Harper,Newcastle United,England,Goalkeeper,0,0,0,0,0,0
Tim Krul,Newcastle United,Netherlands,Goalkeeper,38,3420,0,4,0,15
Fabricio Coloccini,Newcastle United,Argentina,Defender,35,3043,0,2,0,13
Tamas Kadar,Newcastle United,Hungary,Defender,0,0,0,0,0,0
James Perch,Newcastle United,England,Defender,25,1329,0,3,0,5
Davide Santon,Newcastle United,Italy,Defender,24,1662,0,1,0,8
Danny Simpson,Newcastle United,England,Defender,35,3120,0,7,0,13
Ryan Taylor,Newcastle United,England,Defender,31,2124,2,5,0,6
Steven Taylor,Newcastle United,England,Defender,14,1260,0,1,0,4
Mike Williamson,Newcastle United,England,Defender,22,1895,0,4,0,10
Mehdi Abeid,Newcastle United,France,Midfielder,0,0,0,0,0,-1
Hatem Ben Arfa,Newcastle United,France,Midfielder,26,1561,5,2,0,-1
Yohan Cabaye,Newcastle United,France,Midfielder,34,2838,4,6,0,-1
Shane Ferguson,Newcastle United,Northern Ireland,Midfielder,7,152,0,1,0,-1
Dan Gosling,Newcastle United,England,Midfielder,12,236,1,2,1,-1
Danny Guthrie,Newcastle United,England,Midfielder,16,1131,1,3,0,-1
Jonas Gutierrez,Newcastle United,Argentina,Midfielder,37,3308,2,4,1,-1
Sylain Marveaux,Newcastle United,France,Midfielder,7,134,0,0,0,-1
James Tavernier,Newcastle United,England,Midfielder,0,0,0,0,0,-1
Cheick Tiote,Newcastle United,Ivory Coast,Midfielder,24,2051,0,11,0,-1
Sammy Ameobi,Newcastle United,England,Forward,12,222,0,1,0,-1
Shola Ameobi,Newcastle United,Nigeria,Forward,25,979,2,2,0,-1
Demba Ba,Newcastle United,Senegal,Forward,34,2730,16,1,0,-1
Leon Best,Newcastle United,Ireland,Forward,18,1162,4,2,0,-1
Papiss Demba Cisse,Newcastle United,Senegal,Forward,14,1112,13,1,0,-1
Ryan Donaldson,Newcastle United,England,Forward,0,0,0,0,0,-1
Peter Lovenkrands,Newcastle United,Denmark,Forward,9,202,0,0,0,-1
Gabriel Obertan,Newcastle United,France,Forward,23,1560,1,0,0,-1
Declan Rudd,Norwich City,England,Goalkeeper,2,99,0,0,0,0
John Ruddy,Norwich City,England,Goalkeeper,37,3321,0,1,1,3
Jed Steer,Norwich City,England,Goalkeeper,0,0,0,0,0,0
Leon Barnett,Norwich City,England,Defender,17,1229,1,2,1,0
Ryan Barnett,Norwich City,England,Defender,8,720,0,2,0,0
Andrew Crofts,Norwich City,Wales,Defender,24,1285,0,3,0,0
Daniel Ayala,Norwich City,Spain,Defender,7,497,0,2,0,1
Ritchie De Laet,Norwich City,Belgium,Defender,6,482,1,1,0,0
Adam Drury,Norwich City,England,Defender,12,907,0,2,0,1
Russell Martin,Norwich City,Scotland,Defender,33,2850,2,1,0,2
Kyle Naughton,Norwich City,England,Defender,32,2700,0,7,0,3
Marc Tierney,Norwich City,England,Defender,17,1530,0,2,0,0
Elliott Ward,Norwich City,England,Defender,12,1080,0,2,0,0
Zak Whitbread,Norwich City,USA,Defender,18,1440,0,4,0,1
Matthew Ball,Norwich City,Northern Ireland,Midfielder,0,0,0,0,0,-1
Elliott Bennett,Norwich City,England,Midfielder,33,2011,1,5,0,-1
Josh Dawkin,Norwich City,Wales,Midfielder,0,0,0,0,0,-1
David Fox,Norwich City,England,Midfielder,28,1935,0,3,0,-1
Wes Hoolahan,Norwich City,Ireland,Midfielder,33,2279,4,4,0,-1
Jonny Howson,Norwich City,England,Midfielder,11,949,1,3,0,-1
Bradley Johnson,Norwich City,England,Midfielder,28,2107,2,2,0,-1
Simon Lappin,Norwich City,Scotland,Midfielder,4,292,0,0,0,-1
Anthony Pilkington,Norwich City,Ireland,Midfielder,30,1972,8,1,0,-1
Korey Smith,Norwich City,England,Midfielder,0,0,0,0,0,-1
Andrew Surman,Norwich City,South Africa,Midfielder,25,1913,4,1,0,-1
Grant Holt,Norwich City,England,Forward,36,2248,15,6,1,-1
Simeon Jackson,Norwich City,Canada,Forward,22,943,3,1,0,-1
Steve Morison,Norwich City,Wales,Forward,34,2098,9,1,0,-1
James Vaughan,Norwich City,England,Forward,5,148,0,1,0,-1
Aaron Wilbraham,Norwich City,England,Forward,11,306,1,1,0,-1
Radek Cerny,Queens Park Rangers,Czech Republic,Goalkeeper,5,450,0,0,0,0
Paddy Kenny,Queens Park Rangers,Ireland,Goalkeeper,33,2970,0,0,0,7
Aaron Lennox,Queens Park Rangers,Australia,Goalkeeper,0,0,0,0,0,0
Brian Murphy,Queens Park Rangers,Ireland,Goalkeeper,0,0,0,0,0,0
Elvijs Putnins,Queens Park Rangers,Latvia,Goalkeeper,0,0,0,0,0,0
Bruno Perone,Queens Park Rangers,Brazil,Defender,1,90,0,0,0,0
Anton Ferdinand,Queens Park Rangers,England,Defender,31,2750,0,2,0,6
Daniel Gabbidon,Queens Park Rangers,Wales,Defender,17,1423,0,1,0,2
Fitz Hall,Queens Park Rangers,England,Defender,14,923,0,3,0,2
Michael Harriman,Queens Park Rangers,Ireland,Defender,1,29,0,0,0,0
Clint Hill,Queens Park Rangers,England,Defender,22,1704,0,4,1,4
Nedum Onuoha,Queens Park Rangers,England,Defender,16,1440,0,2,0,0
Danny Shittu,Queens Park Rangers,Nigeria,Defender,0,0,0,0,0,0
Taye Taiwo,Queens Park Rangers,Nigeria,Defender,15,1193,1,1,0,3
Armand Traore,Queens Park Rangers,Senegal,Defender,23,1618,0,1,1,1
Luke Young,Queens Park Rangers,England,Defender,23,2032,2,5,0,3
Joey Barton,Queens Park Rangers,England,Midfielder,31,2673,3,8,2,-1
Bruno Andrade,Queens Park Rangers,Portugal,Midfielder,1,10,0,0,0,-1
Akos Buzsaky,Queens Park Rangers,Hungary,Midfielder,18,895,2,0,0,-1
Shaun Derry,Queens Park Rangers,England,Midfielder,29,2237,1,4,1,-1
Samba Diakite,Queens Park Rangers,Mali,Midfielder,9,675,1,5,1,-1
Michael Doughty,Queens Park Rangers,Wales,Midfielder,0,0,0,0,0,-1
Kieron Dyer,Queens Park Rangers,England,Midfielder,1,7,0,0,0,-1
Alejandro Faurlin,Queens Park Rangers,Argentina,Midfielder,20,1800,1,3,0,-1
Jamie Mackie,Queens Park Rangers,Scotland,Midfielder,31,2185,7,2,0,-1
Adel Taarabt,Queens Park Rangers,Morocco,Midfielder,27,2014,2,2,1,-1
Shaun Wright-Phillips,Queens Park Rangers,England,Midfielder,32,2213,0,3,0,-1
Angelo Balanta,Queens Park Rangers,Columbia,Forward,0,0,0,0,0,-1
Jay Bothroyd,Queens Park Rangers,England,Forward,21,1102,2,3,0,-1
DJ Campbell,Queens Park Rangers,England,Forward,11,322,1,0,0,-1
Djibril Cisse,Queens Park Rangers,France,Forward,8,536,6,0,2,-1
Heidar Helguson,Queens Park Rangers,Iceland,Forward,16,1154,8,2,0,-1
Troy Hewitt,Queens Park Rangers,England,Forward,0,0,0,0,0,-1
Rob Hulse,Queens Park Rangers,England,Forward,2,70,0,0,0,-1
Federico Macheda,Queens Park Rangers,Italy,Forward,3,33,0,1,0,-1
Mo Shariff,Queens Park Rangers,England,Forward,0,0,0,0,0,-1
Tommy Smith,Queens Park Rangers,England,Forward,17,540,2,0,0,-1
Bobby Zamora,Queens Park Rangers,England,Forward,14,1187,2,2,0,-1
Asmir Begovic,Stoke City,Bosnia-Herzegovina,Goalkeeper,23,1997,0,0,0,6
Carlo Nash,Stoke City,England,Goalkeeper,0,0,0,0,0,0
Thomas Sorensen,Stoke City,Denmark,Goalkeeper,16,1423,0,1,0,2
Robert Huth,Stoke City,Germany,Defender,34,2833,3,5,1,6
Ryan Shawcross,Stoke City,England,Defender,36,3169,2,8,0,9
Ryan Shotton,Stoke City,England,Defender,23,1392,1,2,0,0
Matthew Upson,Stoke City,England,Defender,14,1018,1,1,0,3
Andy Wilkinson,Stoke City,England,Defender,25,1710,0,5,0,2
Marc Wilson,Stoke City,Ireland,Defender,35,2907,0,8,0,8
Jonathan Woodgate,Stoke City,England,Defender,17,1280,0,3,0,2
Lucas Dawson,Stoke City,England,Midfielder,0,0,0,0,0,-1
Rory Delap,Stoke City,Ireland,Midfielder,26,1526,2,4,0,-1
Salif Diao,Stoke City,Senegal,Midfielder,6,119,0,1,0,-1
Matthew Etherington,Stoke City,England,Midfielder,30,2379,3,1,0,-1
Matthew Lund,Stoke City,Northern Ireland,Midfielder,0,0,0,0,0,-1
Wilson Palacios,Stoke City,Honduras,Midfielder,18,803,0,3,0,-1
Jermaine Pennant,Stoke City,England,Midfielder,27,1703,0,2,0,-1
Tom Soares,Stoke City,England,Midfielder,0,0,0,0,0,-1
Glenn Whelan,Stoke City,Ireland,Midfielder,30,2486,1,4,0,-1
Dean Whitehead,Stoke City,England,Midfielder,33,2364,0,5,0,-1
Peter Crouch,Stoke City,England,Forward,32,2689,10,2,0,-1
Ricardo Fuller,Stoke City,Jamaica,Forward,13,351,0,2,1,-1
Cameron Jerome,Stoke City,England,Forward,23,838,4,0,0,-1
Kenwyne Jones,Stoke City,Trinidad & Tobago,Forward,21,975,1,0,0,-1
Louis Moult,Stoke City,England,Forward,0,0,0,0,0,-1
Mamady Sidibe,Stoke City,Mali,Forward,0,0,0,0,0,-1
Jon Walters,Stoke City,Ireland,Forward,38,3336,7,3,0,-1
Craig Gorgon,Sunderland,Scotland,Goalkeeper,30,2114,3,4,1,0
Simon Mignolet,Sunderland,Belgium,Goalkeeper,29,2572,0,0,0,11
Keiren Westwood,Sunderland,Ireland,Goalkeeper,9,758,0,0,0,1
Marcos Angeleri,Sunderland,Argentina,Defender,0,0,0,0,0,0
Phil Bardsley,Sunderland,Scotland,Defender,31,2478,1,3,1,8
Titus Bramble,Sunderland,England,Defender,8,651,1,0,0,1
Wayne Bridge,Sunderland,England,Defender,8,317,0,1,0,1
Wes Brown,Sunderland,England,Defender,20,1736,1,2,0,5
John Egan,Sunderland,Ireland,Defender,0,0,0,0,0,0
Ahmed Elmohamady,Sunderland,Egypt,Defender,18,776,1,0,0,1
Matt Kilgallon,Sunderland,England,Defender,10,793,0,0,0,3
Sotirios Kyrgiakos,Sunderland,Greece,Defender,3,189,0,1,0,0
John O'Shea,Sunderland,Ireland,Defender,29,2441,0,5,0,11
Michael Turner,Sunderland,England,Defender,24,2115,0,3,0,8
Lee Cattermole ,Sunderland,England,Midfielder,23,1942,0,10,0,-1
Jack Colback,Sunderland,England,Midfielder,35,2671,1,3,0,-1
Craig Gardner,Sunderland,England,Midfielder,30,2114,3,4,1,-1
Sebastian Larsson,Sunderland,Sweden,Midfielder,32,2707,7,7,0,-1
David Meyler,Sunderland,Ireland,Midfielder,7,158,0,0,0,-1
Kieran Richardson,Sunderland,England,Midfielder,29,2284,2,5,0,-1
Stephane Sessegnon,Sunderland,Benin,Midfielder,36,3134,7,3,1,-1
David Vaughan,Sunderland,Wales,Midfielder,22,1486,2,3,0,-1
Nicklas Bendtner,Sunderland,Denmark,Forward,28,2231,8,2,0,-1
Frazier Campbell,Sunderland,England,Forward,12,635,1,3,0,-1
Jordan Cook,Sunderland,England,Forward,0,0,0,0,0,-1
Dong-won Ji,Sunderland,South Korea,Forward,19,436,2,1,0,-1
Craig Lynch,Sunderland,England,Forward,0,0,0,0,0,-1
James McClean,Sunderland,Ireland,Forward,23,1843,5,2,0,-1
Connor Wickham,Sunderland,England,Forward,16,523,1,0,0,-1
Moreira,Swansea City,Portugal,Goalkeeper,0,0,0,0,0,0
Gerhad Tremmel,Swansea City,Germany,Goalkeeper,1,90,0,0,0,0
Michel Vorm,Swansea City,Netherlands,Goalkeeper,37,3330,0,2,0,14
Angel Rangel,Swansea City,Spain,Defender,34,2872,0,3,0,10
Federico Bessone,Swansea City,Argentina,Defender,1,4,0,0,0,0
Steven Caulker,Swansea City,England,Defender,26,2340,0,2,0,10
Garry Monk,Swansea City,England,Defender,16,1264,0,3,0,5
Curtis Obeng,Swansea City,England,Defender,0,0,0,0,0,0
Darnel Situ,Swansea City,France,Defender,0,0,0,0,0,0
Jordan Smith,Swansea City,Wales,Defender,0,0,0,0,0,0
Alan Tate,Swansea City,England,Defender,5,161,0,0,0,8
Neil Taylor,Swansea City,Wales,Defender,36,3085,0,4,0,12
Joe Walsh,Swansea City,Wales,Defender,0,0,0,0,0,0
Ashley Williams,Swansea City,Wales,Defender,37,3330,1,6,0,13
Kemy Agustien,Swansea City,Curacao,Midfielder,13,709,0,3,0,-1
Joe Allen,Swansea City,Wales,Midfielder,36,2891,4,1,1,-1
Andrea Orlandi,Swansea City,Spain,Midfielder,3,120,1,1,0,-1
Ferrie Bodde,Swansea City,Netherlands,Midfielder,0,0,0,0,0,-1
Leon Britton,Swansea City,England,Midfielder,36,3018,0,3,0,-1
Thomas Butler,Swansea City,Ireland,Midfielder,0,0,0,0,0,-1
Gwion Edwards,Swansea City,Wales,Midfielder,0,0,0,0,0,-1
Mark Gower,Swansea City,England,Midfielder,20,1129,0,2,0,-1
Kurtis March,Swansea City,Wales,Midfielder,0,0,0,0,0,-1
Josh McEachran,Swansea City,England,Midfielder,4,125,0,0,0,-1
Jazz Richards,Swansea City,Wales,Midfielder,8,575,0,4,0,-1
Gylfi Sigurasson,Swansea City,Iceland,Midfielder,18,1499,7,0,0,-1
Scott Sinclair,Swansea City,England,Midfielder,38,3122,8,1,0,-1
Rory Donnelly,Swansea City,Northern Ireland,Forward,0,0,0,0,0,-1
Nathan Dyer,Swansea City,England,Forward,34,2373,5,1,1,-1
Danny Graham,Swansea City,England,Forward,36,2846,12,0,0,-1
Leroy Lita ,Swansea City,England,Forward,16,456,2,1,0,-1
Luke Moore,Swansea City,England,Forward,20,521,2,1,0,-1
Wayne Routledge,Swansea City,England,Forward,28,1459,1,2,0,-1
Casey Thomas,Swansea City,Wales,Forward,0,0,0,0,0,-1
Ben Alnwick,Tottenham Hotspur,England,Goalkeeper,0,0,0,0,0,0
Carlo Cudicini,Tottenham Hotspur,Italy,Goalkeeper,0,0,0,0,0,0
Brad Friedel,Tottenham Hotspur,USA,Goalkeeper,38,3420,0,0,0,14
Gomes,Tottenham Hotspur,Brazil,Goalkeeper,0,0,0,0,0,0
Benoit Assou-Ekotto,Tottenham Hotspur,Cameroon,Defender,34,2962,2,6,0,11
Jack Barthram,Tottenham Hotspur,England,Defender,0,0,0,0,0,0
Michael Dawson,Tottenham Hotspur,England,Defender,7,548,0,1,0,3
William Gallas,Tottenham Hotspur,France,Defender,15,1324,0,1,0,7
Younes Kaboul,Tottenham Hotspur,France,Defender,33,2903,1,2,1,10
Bongani Khumalo,Tottenham Hotspur,South Africa,Defender,0,0,0,0,0,0
Ledley King,Tottenham Hotspur,England,Defender,21,1795,0,0,0,4
Ryan Nelsen,Tottenham Hotspur,New Zealand,Defender,5,110,0,0,0,0
Danny Rose,Tottenham Hotspur,England,Defender,11,313,0,1,1,1
Adam Smith,Tottenham Hotspur,England,Defender,1,14,0,0,0,0
Kyle Walker,Tottenham Hotspur,England,Defender,37,3231,2,4,0,13
Gareth Bale,Tottenham Hotspur,Wales,Midfielder,36,3217,10,3,0,-1
David Bentley,Tottenham Hotspur,England,Midfielder,0,0,0,0,0,-1
Ryan Fredericks,Tottenham Hotspur,England,Midfielder,0,0,0,0,0,-1
Tom Huddlestone,Tottenham Hotspur,England,Midfielder,2,60,0,0,0,-1
Niko Kranjcar,Tottenham Hotspur,Croatia,Midfielder,12,645,1,0,0,-1
Aaron Lennon,Tottenham Hotspur,England,Midfielder,23,1580,3,1,0,-1
Jake Livermore,Tottenham Hotspur,England,Midfielder,24,840,0,1,0,-1
Massimo Luongo,Tottenham Hotspur,Australia,Midfielder,0,0,0,0,0,-1
Luka Modric,Tottenham Hotspur,Croatia,Midfielder,36,3214,4,2,0,-1
Jake Nicholson,Tottenham Hotspur,England,Midfielder,0,0,0,0,0,-1
Scott Parker,Tottenham Hotspur,England,Midfielder,29,2474,0,7,1,-1
Alex Pritchard,Tottenham Hotspur,England,Midfielder,0,0,0,0,0,-1
Sandro,Tottenham Hotspur,Brazil,Midfielder,23,1418,0,6,0,-1
Kevin Stewart,Tottenham Hotspur,England,Midfielder,0,0,0,0,0,-1
Rafael van der Vaart,Tottenham Hotspur,Netherlands,Midfielder,33,2331,11,3,0,-1
Jermaine Defoe,Tottenham Hotspur,England,Forward,25,1285,11,2,0,-1
Glovani dos Santos,Tottenham Hotspur,Mexico,Forward,7,51,0,0,0,-1
Harry Kane,Tottenham Hotspur,England,Forward,0,0,0,0,0,-1
Cameron Lancaster,Tottenham Hotspur,England,Forward,1,12,0,0,0,-1
Jonathan Obika,Tottenham Hotspur,England,Forward,0,0,0,0,0,-1
Louis Saha,Tottenham Hotspur,France,Forward,10,400,3,0,0,-1
Luke Daniels,West Bromwich Albion,England,Goalkeeper,0,0,0,0,0,0
Ben Foster,West Bromwich Albion,England,Goalkeeper,37,3330,0,0,0,10
Marton Fulop,West Bromwich Albion,Hungary,Goalkeeper,1,90,0,0,0,0
Craig Dawson,West Bromwich Albion,England,Defender,8,540,0,0,0,1
James Hurst,West Bromwich Albion,England,Defender,0,0,0,0,0,0
Billy Jones,West Bromwich Albion,England,Defender,18,1608,0,4,0,5
Gareth McAuley,West Bromwich Albion,Northern Ireland,Defender,32,2880,8,2,0,9
Jonas Olsson,West Bromwich Albion,Sweden,Defender,33,2946,2,3,1,9
Steven Reid,West Bromwich Albion,Ireland,Defender,22,1771,1,4,0,4
Liam Ridgewell,West Bromwich Albion,England,Defender,13,1170,1,2,0,6
Paul Scharner,West Bromwich Albion,Austria,Defender,29,1593,3,6,0,3
Nicky Shorey,West Bromwich Albion,England,Defender,25,2016,0,1,0,3
Gabriel Tamas,West Bromwich Albion,Romania,Defender,8,663,0,1,0,1
Keith Andrews,West Bromwich Albion,Ireland,Midfielder,14,788,2,2,0,-1
Chris Brunt,West Bromwich Albion,Northern Ireland,Midfielder,29,2307,2,5,0,-1
Graham Dorrans,West Bromwich Albion,Scotland,Midfielder,31,1522,3,4,0,-1
Zoltan Gera,West Bromwich Albion,Hungary,Midfielder,3,175,0,0,0,-1
James Morrison,West Bromwich Albion,Scotland,Midfielder,30,2140,5,1,0,-1
Youssuf Mulumbu,West Bromwich Albion,Congo DR,Midfielder,36,2810,1,5,0,-1
Romaine Sawyers,West Bromwich Albion,St. Kitts & Nevis,Midfielder,0,0,0,0,0,-1
Somen Tchoyi,West Bromwich Albion,Cameroon,Midfielder,18,647,1,0,0,-1
Jerome Thomas,West Bromwich Albion,England,Midfielder,29,2001,1,4,0,-1
George Thorne,West Bromwich Albion,England,Midfielder,3,102,0,0,0,-1
Scott Allan,West Bromwich Albion,Scotland,Forward,0,0,0,0,0,-1
Saido Berahino,West Bromwich Albion,England,Forward,0,0,0,0,0,-1
Simon Cox,West Bromwich Albion,Ireland,Forward,18,758,0,2,0,-1
Marc-Antoine Fortune,West Bromwich Albion,France,Forward,17,1109,2,0,0,-1
Shane Long,West Bromwich Albion,Ireland,Forward,32,2183,8,2,0,-1
Peter Odemwingie,West Bromwich Albion,Nigeria,Forward,30,2288,10,2,0,-1
Ali Al Habsi,Wighan Athletic,Oman,Goalkeeper,38,3420,0,1,0,8
Chris Krikland,Wighan Athletic,England,Goalkeeper,0,0,0,0,0,0
Mike Pollitt,Wighan Athletic,England,Goalkeeper,0,0,0,0,0,0
Antolin Alcaraz,Wighan Athletic,Paraguay,Defender,25,2174,2,5,0,6
Emmerson Boyce,Wighan Athletic,Barbados,Defender,26,2270,3,3,0,7
Gary Caldwell,Wighan Athletic,Scotland,Defender,36,3226,3,9,1,8
Maynor Figueroa,Wighan Athletic,Honduras,Defender,38,3351,0,6,0,8
Steve Gohouri,Wighan Athletic,Ivory Coast,Defender,10,683,0,2,1,0
Piscu,Wighan Athletic,Spain,Defender,5,442,0,2,0,0
Jordan Robinson,Wighan Athletic,England,Defender,0,0,0,0,0,0
Ronnie Stam,Wighan Athletic,Netherlands,Defender,20,1223,0,3,0,1
Jean Beausejour,Wighan Athletic,Chile,Midfielder,16,1390,0,1,0,-1
Crusat,Wighan Athletic,Spain,Midfielder,15,485,1,1,0,-1
Momo Diame,Wighan Athletic,Senegal,Midfielder,26,1595,3,4,0,-1
David Jones,Wighan Athletic,England,Midfielder,16,1163,0,2,0,-1
Jordi Gomez,Wighan Athletic,Spain,Midfielder,28,1800,5,4,0,-1
Jason Koumas,Wighan Athletic,Wales,Midfielder,0,0,0,0,0,-1
Shaun Maloney,Wighan Athletic,Scotland,Midfielder,13,770,3,1,0,-1
James McArthur,Wighan Athletic,Scotland,Midfielder,31,1761,3,4,0,-1
James McCarthy,Wighan Athletic,Ireland,Midfielder,33,2884,0,7,0,-1
Hendry Thomas,Wighan Athletic,Honduras,Midfielder,0,0,0,0,0,-1
Ben Watson,Wighan Athletic,England,Midfielder,21,1266,3,1,0,-1
Franso Di Santo ,Wighan Athletic,Argentina,Forward,32,2039,7,4,0,-1
Callum McManaman,Wighan Athletic,England,Forward,2,19,0,1,0,-1
Victor Moses,Wighan Athletic,Nigeria,Forward,38,3215,6,4,0,-1
Hugo Rodallega,Wighan Athletic,Columbia,Forward,23,1247,2,1,0,-1
Conor Sammon,Wighan Athletic,Ireland,Forward,25,833,0,1,1,-1
Dorus de Vries,Wolverhampton Wanderers,Netherlands,Goalkeeper,4,321,0,0,0,1
Wayne Hennessey,Wolverhampton Wanderers,Wales,Goalkeeper,34,3060,0,1,0,3
Carl Ikeme,Wolverhampton Wanderers,Nigeria,Goalkeeper,1,39,0,0,0,0
Aaron McCarey,Wolverhampton Wanderers,Ireland,Goalkeeper,0,0,0,0,0,0
Sebastian Bassong,Wolverhampton Wanderers,Cameroon,Defender,9,684,0,1,1,0
Christophe Berra,Wolverhampton Wanderers,Scotland,Defender,32,2698,0,5,0,3
Jody Craddock,Wolverhampton Wanderers,England,Defender,1,74,0,0,0,0
Ethan Ebanks-Landell,Wolverhampton Wanderers,England,Defender,0,0,0,0,0,0
George Elokobi,Wolverhampton Wanderers,Cameroon,Defender,9,292,0,0,0,0
Kevin Foley,Wolverhampton Wanderers,Ireland,Defender,16,1069,0,0,0,0
Roger Johnson,Wolverhampton Wanderers,England,Defender,27,2356,0,6,0,2
Jamie Reckord,Wolverhampton Wanderers,England,Defender,0,0,0,0,0,0
Richard Stearman,Wolverhampton Wanderers,England,Defender,30,2409,0,6,0,4
Stephen Ward,Wolverhampton Wanderers,Ireland,Defender,38,3420,3,2,0,4
Ronald Zubar,Wolverhampton Wanderers,Guadeloupe,Defender,15,1162,1,4,1,1
David Davis,Wolverhampton Wanderers,England,Midfielder,7,398,0,0,0,-1
Dave Edwards,Wolverhampton Wanderers,Wales,Midfielder,26,1937,3,2,0,-1
Anthony Forde,Wolverhampton Wanderers,Ireland,Midfielder,6,243,0,0,0,-1
Emmanuel Frimpong,Wolverhampton Wanderers,Ghana,Midfielder,5,292,0,1,0,-1
Johny Gorman,Wolverhampton Wanderers,Northern Ireland,Midfielder,1,1,0,0,0,-1
Karl Henry,Wolverhampton Wanderers,England,Midfielder,31,2579,0,7,1,-1
Stephen Hunt,Wolverhampton Wanderers,Ireland,Midfielder,24,1396,3,5,0,-1
Matthew Jarvis,Wolverhampton Wanderers,England,Midfielder,37,2815,8,0,0,-1
Eggert Jonsson,Wolverhampton Wanderers,Iceland,Midfielder,3,173,0,1,0,-1
Michael Kightly,Wolverhampton Wanderers,England,Midfielder,18,1193,3,3,0,-1
Nenad Milijas,Wolverhampton Wanderers,Serbia,Midfielder,20,726,0,1,1,-1
Jamie O'Hara,Wolverhampton Wanderers,England,Midfielder,19,1661,2,6,0,-1
Gary O'Neill,Wolverhampton Wanderers,Ireland,Midfielder,0,0,0,0,0,-1
Jack Price,Wolverhampton Wanderers,England,Midfielder,0,0,0,0,0,-1
Kevin Doyle,Wolverhampton Wanderers,Ireland,Forward,33,2348,4,4,0,-1
Sylvain Ebanks-Blake,Wolverhampton Wanderers,England,Forward,23,1013,1,1,0,-1
Steven Fletcher,Wolverhampton Wanderers,Scotland,Forward,32,2351,12,2,0,-1
Ashley Hemmings,Wolverhampton Wanderers,England,Forward,0,0,0,0,0,-1
Nathamiel Mendez-Laig,Wolverhampton Wanderers,England,Forward,0,0,0,0,0,-1
